{
  "action": {
    "mean": [0.00019296819, 0.00013667766, -0.00014583133, -0.00018390431, -0.00030808983, 0.0002742527, 0.59716219],
    "std": [0.00912848, 0.0127196, 0.01229497, 0.02606696, 0.02875283, 0.07807977, 0.48710242]
  },
  "proprio": {
    "mean": [0.00019296819, 0.00013667766, -0.00014583133, -0.00018390431, -0.00030808983, 0.0002742527, 0.59716219],
    "std": [0.00912848, 0.0127196, 0.01229497, 0.02606696, 0.02875283, 0.07807977, 0.48710242]
  }
}